"id_pa";"Test_Nbrows";"Date_Traitement";"XML_Source"
"D000019";FALSE;"20220220041550";"PA_20220220041550.RDS"
"D000020";FALSE;"20220220041550";"PA_20220220041550.RDS"
"D000021";FALSE;"20220220041550";"PA_20220220041550.RDS"
"D000067397";FALSE;"20220220041550";"PA_20220220041550.RDS"
"D000067856";FALSE;"20220220041550";"PA_20220220041550.RDS"
"D000067956";FALSE;"20220220041550";"PA_20220220041550.RDS"
"D000068760";FALSE;"20220220041550";"PA_20220220041550.RDS"
"D000068776";FALSE;"20220220041550";"PA_20220220041550.RDS"
"D000068796";FALSE;"20220220041550";"PA_20220220041550.RDS"
"D000072664";FALSE;"20220220041550";"PA_20220220041550.RDS"
"D000074268";FALSE;"20220220041550";"PA_20220220041550.RDS"
"D000074322";FALSE;"20220220041550";"PA_20220220041550.RDS"
"D000075242";FALSE;"20220220041550";"PA_20220220041550.RDS"
"D000075528";FALSE;"20220220041550";"PA_20220220041550.RDS"
"D000075563";FALSE;"20220220041550";"PA_20220220041550.RDS"
"D000077203";FALSE;"20220220041550";"PA_20220220041550.RDS"
"D000077221";FALSE;"20220220041550";"PA_20220220041550.RDS"
"D000077264";FALSE;"20220220041550";"PA_20220220041550.RDS"
"D000077444";FALSE;"20220220041550";"PA_20220220041550.RDS"
"D000079424";FALSE;"20220220041550";"PA_20220220041550.RDS"
"D000080066";FALSE;"20220220041550";"PA_20220220041550.RDS"
"D000081082";FALSE;"20220220041550";"PA_20220220041550.RDS"
"D000081227";FALSE;"20220220041550";"PA_20220220041550.RDS"
"D000081243";FALSE;"20220220041550";"PA_20220220041550.RDS"
"D000082082";FALSE;"20220220041550";"PA_20220220041550.RDS"
"D000082142";FALSE;"20220220041550";"PA_20220220041550.RDS"
"D000084762";FALSE;"20220220041550";"PA_20220220041550.RDS"
"D000091062";FALSE;"20220220041550";"PA_20220220041550.RDS"
"D000091203";FALSE;"20220220041550";"PA_20220220041550.RDS"
"D000091362";FALSE;"20220220041550";"PA_20220220041550.RDS"
"D000269";FALSE;"20220220041550";"PA_20220220041550.RDS"
"D000276";FALSE;"20220220041550";"PA_20220220041550.RDS"
"D000277";FALSE;"20220220041550";"PA_20220220041550.RDS"
"D000316";FALSE;"20220220041550";"PA_20220220041550.RDS"
"D000317";FALSE;"20220220041550";"PA_20220220041550.RDS"
"D000318";FALSE;"20220220041550";"PA_20220220041550.RDS"
"D000319";FALSE;"20220220041550";"PA_20220220041550.RDS"
"D000322";FALSE;"20220220041550";"PA_20220220041550.RDS"
"D000335";FALSE;"20220220041550";"PA_20220220041550.RDS"
"D000345";FALSE;"20220220041550";"PA_20220220041550.RDS"
"D000373";FALSE;"20220220041550";"PA_20220220041550.RDS"
"D000393";FALSE;"20220220041550";"PA_20220220041550.RDS"
"D000395";FALSE;"20220220041550";"PA_20220220041550.RDS"
"D000396";FALSE;"20220220041550";"PA_20220220041550.RDS"
"D000427";FALSE;"20220220041550";"PA_20220220041550.RDS"
"D000451";FALSE;"20220220041550";"PA_20220220041550.RDS"
"D000477";FALSE;"20220220041550";"PA_20220220041550.RDS"
"D000563";FALSE;"20220220041550";"PA_20220220041550.RDS"
"D000697";FALSE;"20220220041550";"PA_20220220041550.RDS"
"D000700";FALSE;"20220220041550";"PA_20220220041550.RDS"
"D000701";FALSE;"20220220041550";"PA_20220220041550.RDS"
"D000726";FALSE;"20220220041550";"PA_20220220041550.RDS"
"D000728";FALSE;"20220220041550";"PA_20220220041550.RDS"
"D000759";FALSE;"20220220041550";"PA_20220220041550.RDS"
"D000777";FALSE;"20220220041550";"PA_20220220041550.RDS"
"D000778";FALSE;"20220220041550";"PA_20220220041550.RDS"
"D000779";FALSE;"20220220041550";"PA_20220220041550.RDS"
"D000806";FALSE;"20220220041550";"PA_20220220041550.RDS"
"D000837";FALSE;"20220220041550";"PA_20220220041550.RDS"
"D000863";FALSE;"20220220041550";"PA_20220220041550.RDS"
"D000871";FALSE;"20220220041550";"PA_20220220041550.RDS"
"D000889";FALSE;"20220220041550";"PA_20220220041550.RDS"
"D000890";TRUE;"20220220041550";"PA_20220220041550.RDS"
"D000891";FALSE;"20220220041550";"PA_20220220041550.RDS"
"D000892";FALSE;"20220220041550";"PA_20220220041550.RDS"
"D000893";FALSE;"20220220041550";"PA_20220220041550.RDS"
"D000894";FALSE;"20220220041550";"PA_20220220041550.RDS"
"D000897";FALSE;"20220220041550";"PA_20220220041550.RDS"
"D000900";FALSE;"20220220041550";"PA_20220220041550.RDS"
"D000903";FALSE;"20220220041550";"PA_20220220041550.RDS"
"D000904";FALSE;"20220220041550";"PA_20220220041550.RDS"
"D000922";FALSE;"20220220041550";"PA_20220220041550.RDS"
"D000923";FALSE;"20220220041550";"PA_20220220041550.RDS"
"D000924";FALSE;"20220220041550";"PA_20220220041550.RDS"
"D000925";FALSE;"20220220041550";"PA_20220220041550.RDS"
"D000927";FALSE;"20220220041550";"PA_20220220041550.RDS"
"D000928";FALSE;"20220220041550";"PA_20220220041550.RDS"
"D000929";FALSE;"20220220041550";"PA_20220220041550.RDS"
"D000930";FALSE;"20220220041550";"PA_20220220041550.RDS"
"D000931";FALSE;"20220220041550";"PA_20220220041550.RDS"
"D000932";FALSE;"20220220041550";"PA_20220220041550.RDS"
"D000933";FALSE;"20220220041550";"PA_20220220041550.RDS"
"D000934";FALSE;"20220220041550";"PA_20220220041550.RDS"
"D000935";FALSE;"20220220041550";"PA_20220220041550.RDS"
"D000959";FALSE;"20220220041550";"PA_20220220041550.RDS"
"D000960";FALSE;"20220220041550";"PA_20220220041550.RDS"
"D000962";FALSE;"20220220041550";"PA_20220220041550.RDS"
"D000963";FALSE;"20220220041550";"PA_20220220041550.RDS"
"D000964";FALSE;"20220220041550";"PA_20220220041550.RDS"
"D000969";FALSE;"20220220041550";"PA_20220220041550.RDS"
"D000970";TRUE;"20220220041550";"PA_20220220041550.RDS"
"D000972";FALSE;"20220220041550";"PA_20220220041550.RDS"
"D000975";FALSE;"20220220041550";"PA_20220220041550.RDS"
"D000977";FALSE;"20220220041550";"PA_20220220041550.RDS"
"D000978";FALSE;"20220220041550";"PA_20220220041550.RDS"
"D000980";FALSE;"20220220041550";"PA_20220220041550.RDS"
"D000981";FALSE;"20220220041550";"PA_20220220041550.RDS"
"D000982";FALSE;"20220220041550";"PA_20220220041550.RDS"
"D000986";FALSE;"20220220041550";"PA_20220220041550.RDS"
"D000988";FALSE;"20220220041550";"PA_20220220041550.RDS"
"D000991";FALSE;"20220220041550";"PA_20220220041550.RDS"
"D000993";FALSE;"20220220041550";"PA_20220220041550.RDS"
"D000994";FALSE;"20220220041550";"PA_20220220041550.RDS"
"D000995";FALSE;"20220220041550";"PA_20220220041550.RDS"
"D000996";FALSE;"20220220041550";"PA_20220220041550.RDS"
"D000998";FALSE;"20220220041550";"PA_20220220041550.RDS"
"D001067";FALSE;"20220220041550";"PA_20220220041550.RDS"
"D001252";FALSE;"20220220041550";"PA_20220220041550.RDS"
"D001672";FALSE;"20220220041550";"PA_20220220041550.RDS"
"D001802";FALSE;"20220220041550";"PA_20220220041550.RDS"
"D001843";FALSE;"20220220041550";"PA_20220220041550.RDS"
"D001993";FALSE;"20220220041550";"PA_20220220041550.RDS"
"D002021";FALSE;"20220220041550";"PA_20220220041550.RDS"
"D002120";FALSE;"20220220041550";"PA_20220220041550.RDS"
"D002121";FALSE;"20220220041550";"PA_20220220041550.RDS"
"D002257";FALSE;"20220220041550";"PA_20220220041550.RDS"
"D002273";FALSE;"20220220041550";"PA_20220220041550.RDS"
"D002274";FALSE;"20220220041550";"PA_20220220041550.RDS"
"D002314";FALSE;"20220220041550";"PA_20220220041550.RDS"
"D002316";FALSE;"20220220041550";"PA_20220220041550.RDS"
"D002317";FALSE;"20220220041550";"PA_20220220041550.RDS"
"D002326";FALSE;"20220220041550";"PA_20220220041550.RDS"
"D002327";FALSE;"20220220041550";"PA_20220220041550.RDS"
"D002400";FALSE;"20220220041550";"PA_20220220041550.RDS"
"D002411";FALSE;"20220220041550";"PA_20220220041550.RDS"
"D002424";FALSE;"20220220041550";"PA_20220220041550.RDS"
"D002491";FALSE;"20220220041550";"PA_20220220041550.RDS"
"D002492";FALSE;"20220220041550";"PA_20220220041550.RDS"
"D002614";FALSE;"20220220041550";"PA_20220220041550.RDS"
"D002619";FALSE;"20220220041550";"PA_20220220041550.RDS"
"D002629";FALSE;"20220220041550";"PA_20220220041550.RDS"
"D002756";FALSE;"20220220041550";"PA_20220220041550.RDS"
"D002800";FALSE;"20220220041550";"PA_20220220041550.RDS"
"D002801";FALSE;"20220220041550";"PA_20220220041550.RDS"
"D002863";FALSE;"20220220041550";"PA_20220220041550.RDS"
"D003029";FALSE;"20220220041550";"PA_20220220041550.RDS"
"D003049";FALSE;"20220220041550";"PA_20220220041550.RDS"
"D003102";FALSE;"20220220041550";"PA_20220220041550.RDS"
"D003270";FALSE;"20220220041550";"PA_20220220041550.RDS"
"D003271";FALSE;"20220220041550";"PA_20220220041550.RDS"
"D003272";FALSE;"20220220041550";"PA_20220220041550.RDS"
"D003277";FALSE;"20220220041550";"PA_20220220041550.RDS"
"D003278";FALSE;"20220220041550";"PA_20220220041550.RDS"
"D003279";FALSE;"20220220041550";"PA_20220220041550.RDS"
"D003280";FALSE;"20220220041550";"PA_20220220041550.RDS"
"D003282";FALSE;"20220220041550";"PA_20220220041550.RDS"
"D003283";FALSE;"20220220041550";"PA_20220220041550.RDS"
"D003287";FALSE;"20220220041550";"PA_20220220041550.RDS"
"D003292";FALSE;"20220220041550";"PA_20220220041550.RDS"
"D003358";FALSE;"20220220041550";"PA_20220220041550.RDS"
"D003432";FALSE;"20220220041550";"PA_20220220041550.RDS"
"D003451";FALSE;"20220220041550";"PA_20220220041550.RDS"
"D003470";FALSE;"20220220041550";"PA_20220220041550.RDS"
"D003473";FALSE;"20220220041550";"PA_20220220041550.RDS"
"D003603";FALSE;"20220220041550";"PA_20220220041550.RDS"
"D003678";FALSE;"20220220041550";"PA_20220220041550.RDS"
"D003692";FALSE;"20220220041550";"PA_20220220041550.RDS"
"D003764";FALSE;"20220220041550";"PA_20220220041550.RDS"
"D003802";FALSE;"20220220041550";"PA_20220220041550.RDS"
"D003879";FALSE;"20220220041550";"PA_20220220041550.RDS"
"D003885";FALSE;"20220220041550";"PA_20220220041550.RDS"
"D003902";FALSE;"20220220041550";"PA_20220220041550.RDS"
"D004202";FALSE;"20220220041550";"PA_20220220041550.RDS"
"D004232";FALSE;"20220220041550";"PA_20220220041550.RDS"
"D004234";FALSE;"20220220041550";"PA_20220220041550.RDS"
"D004337";FALSE;"20220220041550";"PA_20220220041550.RDS"
"D004396";FALSE;"20220220041550";"PA_20220220041550.RDS"
"D004639";FALSE;"20220220041550";"PA_20220220041550.RDS"
"D004643";FALSE;"20220220041550";"PA_20220220041550.RDS"
"D004785";FALSE;"20220220041550";"PA_20220220041550.RDS"
"D004791";TRUE;"20220220041550";"PA_20220220041550.RDS"
"D004965";FALSE;"20220220041550";"PA_20220220041550.RDS"
"D004967";FALSE;"20220220041550";"PA_20220220041550.RDS"
"D004968";FALSE;"20220220041550";"PA_20220220041550.RDS"
"D005079";FALSE;"20220220041550";"PA_20220220041550.RDS"
"D005100";FALSE;"20220220041550";"PA_20220220041550.RDS"
"D005217";FALSE;"20220220041550";"PA_20220220041550.RDS"
"D005300";FALSE;"20220220041550";"PA_20220220041550.RDS"
"D005303";FALSE;"20220220041550";"PA_20220220041550.RDS"
"D005308";FALSE;"20220220041550";"PA_20220220041550.RDS"
"D005343";FALSE;"20220220041550";"PA_20220220041550.RDS"
"D005369";FALSE;"20220220041550";"PA_20220220041550.RDS"
"D005404";FALSE;"20220220041550";"PA_20220220041550.RDS"
"D005411";FALSE;"20220220041550";"PA_20220220041550.RDS"
"D005421";FALSE;"20220220041550";"PA_20220220041550.RDS"
"D005456";FALSE;"20220220041550";"PA_20220220041550.RDS"
"D005493";FALSE;"20220220041550";"PA_20220220041550.RDS"
"D005503";FALSE;"20220220041550";"PA_20220220041550.RDS"
"D005505";FALSE;"20220220041550";"PA_20220220041550.RDS"
"D005520";FALSE;"20220220041550";"PA_20220220041550.RDS"
"D005659";FALSE;"20220220041550";"PA_20220220041550.RDS"
"D005730";FALSE;"20220220041550";"PA_20220220041550.RDS"
"D005731";FALSE;"20220220041550";"PA_20220220041550.RDS"
"D005765";FALSE;"20220220041550";"PA_20220220041550.RDS"
"D005938";FALSE;"20220220041550";"PA_20220220041550.RDS"
"D006074";FALSE;"20220220041550";"PA_20220220041550.RDS"
"D006131";FALSE;"20220220041550";"PA_20220220041550.RDS"
"D006133";FALSE;"20220220041550";"PA_20220220041550.RDS"
"D006213";FALSE;"20220220041550";"PA_20220220041550.RDS"
"D006388";FALSE;"20220220041550";"PA_20220220041550.RDS"
"D006397";FALSE;"20220220041550";"PA_20220220041550.RDS"
"D006401";FALSE;"20220220041550";"PA_20220220041550.RDS"
"D006490";FALSE;"20220220041550";"PA_20220220041550.RDS"
"D006494";FALSE;"20220220041550";"PA_20220220041550.RDS"
"D006540";FALSE;"20220220041550";"PA_20220220041550.RDS"
"D006633";FALSE;"20220220041550";"PA_20220220041550.RDS"
"D006634";FALSE;"20220220041550";"PA_20220220041550.RDS"
"D006635";FALSE;"20220220041550";"PA_20220220041550.RDS"
"D006727";FALSE;"20220220041550";"PA_20220220041550.RDS"
"D006728";FALSE;"20220220041550";"PA_20220220041550.RDS"
"D006993";FALSE;"20220220041550";"PA_20220220041550.RDS"
"D007004";FALSE;"20220220041550";"PA_20220220041550.RDS"
"D007155";FALSE;"20220220041550";"PA_20220220041550.RDS"
"D007166";FALSE;"20220220041550";"PA_20220220041550.RDS"
"D007202";FALSE;"20220220041550";"PA_20220220041550.RDS"
"D007302";FALSE;"20220220041550";"PA_20220220041550.RDS"
"D007306";FALSE;"20220220041550";"PA_20220220041550.RDS"
"D007329";FALSE;"20220220041550";"PA_20220220041550.RDS"
"D007364";FALSE;"20220220041550";"PA_20220220041550.RDS"
"D007369";FALSE;"20220220041550";"PA_20220220041550.RDS"
"D007475";FALSE;"20220220041550";"PA_20220220041550.RDS"
"D007476";FALSE;"20220220041550";"PA_20220220041550.RDS"
"D007502";FALSE;"20220220041550";"PA_20220220041550.RDS"
"D007509";FALSE;"20220220041550";"PA_20220220041550.RDS"
"D007641";FALSE;"20220220041550";"PA_20220220041550.RDS"
"D007917";FALSE;"20220220041550";"PA_20220220041550.RDS"
"D008081";FALSE;"20220220041550";"PA_20220220041550.RDS"
"D008082";FALSE;"20220220041550";"PA_20220220041550.RDS"
"D008186";FALSE;"20220220041550";"PA_20220220041550.RDS"
"D008600";FALSE;"20220220041550";"PA_20220220041550.RDS"
"D008901";FALSE;"20220220041550";"PA_20220220041550.RDS"
"D008916";FALSE;"20220220041550";"PA_20220220041550.RDS"
"D008934";FALSE;"20220220041550";"PA_20220220041550.RDS"
"D008975";FALSE;"20220220041550";"PA_20220220041550.RDS"
"D008996";FALSE;"20220220041550";"PA_20220220041550.RDS"
"D009067";FALSE;"20220220041550";"PA_20220220041550.RDS"
"D009125";FALSE;"20220220041550";"PA_20220220041550.RDS"
"D009153";FALSE;"20220220041550";"PA_20220220041550.RDS"
"D009184";FALSE;"20220220041550";"PA_20220220041550.RDS"
"D009292";FALSE;"20220220041550";"PA_20220220041550.RDS"
"D009294";FALSE;"20220220041550";"PA_20220220041550.RDS"
"D009465";FALSE;"20220220041550";"PA_20220220041550.RDS"
"D009466";FALSE;"20220220041550";"PA_20220220041550.RDS"
"D009467";FALSE;"20220220041550";"PA_20220220041550.RDS"
"D009498";FALSE;"20220220041550";"PA_20220220041550.RDS"
"D009676";FALSE;"20220220041550";"PA_20220220041550.RDS"
"D009823";FALSE;"20220220041550";"PA_20220220041550.RDS"
"D009883";FALSE;"20220220041550";"PA_20220220041550.RDS"
"D010083";FALSE;"20220220041550";"PA_20220220041550.RDS"
"D010120";FALSE;"20220220041550";"PA_20220220041550.RDS"
"D010276";FALSE;"20220220041550";"PA_20220220041550.RDS"
"D010277";FALSE;"20220220041550";"PA_20220220041550.RDS"
"D010476";FALSE;"20220220041550";"PA_20220220041550.RDS"
"D010574";FALSE;"20220220041550";"PA_20220220041550.RDS"
"D010575";FALSE;"20220220041550";"PA_20220220041550.RDS"
"D010592";FALSE;"20220220041550";"PA_20220220041550.RDS"
"D010726";FALSE;"20220220041550";"PA_20220220041550.RDS"
"D010937";FALSE;"20220220041550";"PA_20220220041550.RDS"
"D010952";FALSE;"20220220041550";"PA_20220220041550.RDS"
"D010968";FALSE;"20220220041550";"PA_20220220041550.RDS"
"D010975";FALSE;"20220220041550";"PA_20220220041550.RDS"
"D011042";FALSE;"20220220041550";"PA_20220220041550.RDS"
"D011310";FALSE;"20220220041550";"PA_20220220041550.RDS"
"D011372";FALSE;"20220220041550";"PA_20220220041550.RDS"
"D011448";FALSE;"20220220041550";"PA_20220220041550.RDS"
"D011480";FALSE;"20220220041550";"PA_20220220041550.RDS"
"D011500";FALSE;"20220220041550";"PA_20220220041550.RDS"
"D011619";FALSE;"20220220041550";"PA_20220220041550.RDS"
"D011663";FALSE;"20220220041550";"PA_20220220041550.RDS"
"D011749";FALSE;"20220220041550";"PA_20220220041550.RDS"
"D011837";FALSE;"20220220041550";"PA_20220220041550.RDS"
"D011838";FALSE;"20220220041550";"PA_20220220041550.RDS"
"D012076";FALSE;"20220220041550";"PA_20220220041550.RDS"
"D012102";FALSE;"20220220041550";"PA_20220220041550.RDS"
"D012304";FALSE;"20220220041550";"PA_20220220041550.RDS"
"D012378";FALSE;"20220220041550";"PA_20220220041550.RDS"
"D012556";FALSE;"20220220041550";"PA_20220220041550.RDS"
"D012597";FALSE;"20220220041550";"PA_20220220041550.RDS"
"D012702";FALSE;"20220220041550";"PA_20220220041550.RDS"
"D012989";FALSE;"20220220041550";"PA_20220220041550.RDS"
"D012997";FALSE;"20220220041550";"PA_20220220041550.RDS"
"D013089";FALSE;"20220220041550";"PA_20220220041550.RDS"
"D013439";FALSE;"20220220041550";"PA_20220220041550.RDS"
"D013473";FALSE;"20220220041550";"PA_20220220041550.RDS"
"D013501";FALSE;"20220220041550";"PA_20220220041550.RDS"
"D013549";FALSE;"20220220041550";"PA_20220220041550.RDS"
"D013565";FALSE;"20220220041550";"PA_20220220041550.RDS"
"D013566";FALSE;"20220220041550";"PA_20220220041550.RDS"
"D013665";FALSE;"20220220041550";"PA_20220220041550.RDS"
"D013723";FALSE;"20220220041550";"PA_20220220041550.RDS"
"D013956";FALSE;"20220220041550";"PA_20220220041550.RDS"
"D014014";FALSE;"20220220041550";"PA_20220220041550.RDS"
"D014131";FALSE;"20220220041550";"PA_20220220041550.RDS"
"D014149";FALSE;"20220220041550";"PA_20220220041550.RDS"
"D014150";FALSE;"20220220041550";"PA_20220220041550.RDS"
"D014151";FALSE;"20220220041550";"PA_20220220041550.RDS"
"D014179";FALSE;"20220220041550";"PA_20220220041550.RDS"
"D014344";FALSE;"20220220041550";"PA_20220220041550.RDS"
"D014361";FALSE;"20220220041550";"PA_20220220041550.RDS"
"D014475";FALSE;"20220220041550";"PA_20220220041550.RDS"
"D014528";FALSE;"20220220041550";"PA_20220220041550.RDS"
"D014662";FALSE;"20220220041550";"PA_20220220041550.RDS"
"D014663";FALSE;"20220220041550";"PA_20220220041550.RDS"
"D014665";FALSE;"20220220041550";"PA_20220220041550.RDS"
"D014677";FALSE;"20220220041550";"PA_20220220041550.RDS"
"D014803";FALSE;"20220220041550";"PA_20220220041550.RDS"
"D014815";FALSE;"20220220041550";"PA_20220220041550.RDS"
"D014874";FALSE;"20220220041550";"PA_20220220041550.RDS"
"D015149";FALSE;"20220220041550";"PA_20220220041550.RDS"
"D015259";FALSE;"20220220041550";"PA_20220220041550.RDS"
"D015314";FALSE;"20220220041550";"PA_20220220041550.RDS"
"D015335";FALSE;"20220220041550";"PA_20220220041550.RDS"
"D015386";FALSE;"20220220041550";"PA_20220220041550.RDS"
"D015842";FALSE;"20220220041550";"PA_20220220041550.RDS"
"D015853";FALSE;"20220220041550";"PA_20220220041550.RDS"
"D016085";FALSE;"20220220041550";"PA_20220220041550.RDS"
"D016166";FALSE;"20220220041550";"PA_20220220041550.RDS"
"D016376";FALSE;"20220220041550";"PA_20220220041550.RDS"
"D016587";FALSE;"20220220041550";"PA_20220220041550.RDS"
"D016588";FALSE;"20220220041550";"PA_20220220041550.RDS"
"D016859";FALSE;"20220220041550";"PA_20220220041550.RDS"
"D016861";FALSE;"20220220041550";"PA_20220220041550.RDS"
"D016877";FALSE;"20220220041550";"PA_20220220041550.RDS"
"D017262";FALSE;"20220220041550";"PA_20220220041550.RDS"
"D017319";FALSE;"20220220041550";"PA_20220220041550.RDS"
"D017320";FALSE;"20220220041550";"PA_20220220041550.RDS"
"D017366";FALSE;"20220220041550";"PA_20220220041550.RDS"
"D017367";FALSE;"20220220041550";"PA_20220220041550.RDS"
"D017442";FALSE;"20220220041550";"PA_20220220041550.RDS"
"D018373";FALSE;"20220220041550";"PA_20220220041550.RDS"
"D018377";TRUE;"20220220041550";"PA_20220220041550.RDS"
"D018490";FALSE;"20220220041550";"PA_20220220041550.RDS"
"D018491";FALSE;"20220220041550";"PA_20220220041550.RDS"
"D018492";FALSE;"20220220041550";"PA_20220220041550.RDS"
"D018494";FALSE;"20220220041550";"PA_20220220041550.RDS"
"D018501";FALSE;"20220220041550";"PA_20220220041550.RDS"
"D018663";FALSE;"20220220041550";"PA_20220220041550.RDS"
"D018674";FALSE;"20220220041550";"PA_20220220041550.RDS"
"D018678";FALSE;"20220220041550";"PA_20220220041550.RDS"
"D018679";FALSE;"20220220041550";"PA_20220220041550.RDS"
"D018680";FALSE;"20220220041550";"PA_20220220041550.RDS"
"D018682";FALSE;"20220220041550";"PA_20220220041550.RDS"
"D018684";FALSE;"20220220041550";"PA_20220220041550.RDS"
"D018685";FALSE;"20220220041550";"PA_20220220041550.RDS"
"D018686";FALSE;"20220220041550";"PA_20220220041550.RDS"
"D018687";FALSE;"20220220041550";"PA_20220220041550.RDS"
"D018689";FALSE;"20220220041550";"PA_20220220041550.RDS"
"D018690";FALSE;"20220220041550";"PA_20220220041550.RDS"
"D018691";FALSE;"20220220041550";"PA_20220220041550.RDS"
"D018692";FALSE;"20220220041550";"PA_20220220041550.RDS"
"D018696";FALSE;"20220220041550";"PA_20220220041550.RDS"
"D018697";FALSE;"20220220041550";"PA_20220220041550.RDS"
"D018712";FALSE;"20220220041550";"PA_20220220041550.RDS"
"D018721";FALSE;"20220220041550";"PA_20220220041550.RDS"
"D018722";FALSE;"20220220041550";"PA_20220220041550.RDS"
"D018726";FALSE;"20220220041550";"PA_20220220041550.RDS"
"D018727";FALSE;"20220220041550";"PA_20220220041550.RDS"
"D018733";FALSE;"20220220041550";"PA_20220220041550.RDS"
"D018755";FALSE;"20220220041550";"PA_20220220041550.RDS"
"D018756";FALSE;"20220220041550";"PA_20220220041550.RDS"
"D018757";FALSE;"20220220041550";"PA_20220220041550.RDS"
"D018759";FALSE;"20220220041550";"PA_20220220041550.RDS"
"D018765";FALSE;"20220220041550";"PA_20220220041550.RDS"
"D018894";FALSE;"20220220041550";"PA_20220220041550.RDS"
"D018906";FALSE;"20220220041550";"PA_20220220041550.RDS"
"D018926";FALSE;"20220220041550";"PA_20220220041550.RDS"
"D018927";FALSE;"20220220041550";"PA_20220220041550.RDS"
"D018931";FALSE;"20220220041550";"PA_20220220041550.RDS"
"D018977";FALSE;"20220220041550";"PA_20220220041550.RDS"
"D019141";FALSE;"20220220041550";"PA_20220220041550.RDS"
"D019161";FALSE;"20220220041550";"PA_20220220041550.RDS"
"D019162";FALSE;"20220220041550";"PA_20220220041550.RDS"
"D019163";FALSE;"20220220041550";"PA_20220220041550.RDS"
"D019167";FALSE;"20220220041550";"PA_20220220041550.RDS"
"D019275";FALSE;"20220220041550";"PA_20220220041550.RDS"
"D019358";FALSE;"20220220041550";"PA_20220220041550.RDS"
"D019380";FALSE;"20220220041550";"PA_20220220041550.RDS"
"D019384";FALSE;"20220220041550";"PA_20220220041550.RDS"
"D019428";FALSE;"20220220041550";"PA_20220220041550.RDS"
"D019429";FALSE;"20220220041550";"PA_20220220041550.RDS"
"D019440";FALSE;"20220220041550";"PA_20220220041550.RDS"
"D019551";FALSE;"20220220041550";"PA_20220220041550.RDS"
"D019653";FALSE;"20220220041550";"PA_20220220041550.RDS"
"D019920";FALSE;"20220220041550";"PA_20220220041550.RDS"
"D019999";FALSE;"20220220041550";"PA_20220220041550.RDS"
"D020011";FALSE;"20220220041550";"PA_20220220041550.RDS"
"D020024";FALSE;"20220220041550";"PA_20220220041550.RDS"
"D020025";FALSE;"20220220041550";"PA_20220220041550.RDS"
"D020030";FALSE;"20220220041550";"PA_20220220041550.RDS"
"D020319";FALSE;"20220220041550";"PA_20220220041550.RDS"
"D020533";FALSE;"20220220041550";"PA_20220220041550.RDS"
"D020536";FALSE;"20220220041550";"PA_20220220041550.RDS"
"D020549";FALSE;"20220220041550";"PA_20220220041550.RDS"
"D020845";FALSE;"20220220041550";"PA_20220220041550.RDS"
"D020847";FALSE;"20220220041550";"PA_20220220041550.RDS"
"D023581";FALSE;"20220220041550";"PA_20220220041550.RDS"
"D026902";FALSE;"20220220041550";"PA_20220220041550.RDS"
"D026941";FALSE;"20220220041550";"PA_20220220041550.RDS"
"D039563";FALSE;"20220220041550";"PA_20220220041550.RDS"
"D043925";FALSE;"20220220041550";"PA_20220220041550.RDS"
"D044966";FALSE;"20220220041550";"PA_20220220041550.RDS"
"D045283";FALSE;"20220220041550";"PA_20220220041550.RDS"
"D045462";FALSE;"20220220041550";"PA_20220220041550.RDS"
"D045930";FALSE;"20220220041550";"PA_20220220041550.RDS"
"D047072";FALSE;"20220220041550";"PA_20220220041550.RDS"
"D047228";FALSE;"20220220041550";"PA_20220220041550.RDS"
"D047428";FALSE;"20220220041550";"PA_20220220041550.RDS"
"D048789";FALSE;"20220220041550";"PA_20220220041550.RDS"
"D049408";FALSE;"20220220041550";"PA_20220220041550.RDS"
"D049990";FALSE;"20220220041550";"PA_20220220041550.RDS"
"D049993";FALSE;"20220220041550";"PA_20220220041550.RDS"
"D049994";FALSE;"20220220041550";"PA_20220220041550.RDS"
"D050034";FALSE;"20220220041550";"PA_20220220041550.RDS"
"D050071";FALSE;"20220220041550";"PA_20220220041550.RDS"
"D050256";FALSE;"20220220041550";"PA_20220220041550.RDS"
"D050257";FALSE;"20220220041550";"PA_20220220041550.RDS"
"D051056";FALSE;"20220220041550";"PA_20220220041550.RDS"
"D051520";FALSE;"20220220041550";"PA_20220220041550.RDS"
"D052244";FALSE;"20220220041550";"PA_20220220041550.RDS"
"D052246";FALSE;"20220220041550";"PA_20220220041550.RDS"
"D053834";FALSE;"20220220041550";"PA_20220220041550.RDS"
"D053878";FALSE;"20220220041550";"PA_20220220041550.RDS"
"D054328";FALSE;"20220220041550";"PA_20220220041550.RDS"
"D054368";FALSE;"20220220041550";"PA_20220220041550.RDS"
"D054697";FALSE;"20220220041550";"PA_20220220041550.RDS"
"D054795";FALSE;"20220220041550";"PA_20220220041550.RDS"
"D054828";FALSE;"20220220041550";"PA_20220220041550.RDS"
"D054872";FALSE;"20220220041550";"PA_20220220041550.RDS"
"D054873";FALSE;"20220220041550";"PA_20220220041550.RDS"
"D055675";FALSE;"20220220041550";"PA_20220220041550.RDS"
"D056572";FALSE;"20220220041550";"PA_20220220041550.RDS"
"D056810";FALSE;"20220220041550";"PA_20220220041550.RDS"
"D057786";FALSE;"20220220041550";"PA_20220220041550.RDS"
"D057847";FALSE;"20220220041550";"PA_20220220041550.RDS"
"D057886";FALSE;"20220220041550";"PA_20220220041550.RDS"
"D057911";FALSE;"20220220041550";"PA_20220220041550.RDS"
"D057912";FALSE;"20220220041550";"PA_20220220041550.RDS"
"D057947";FALSE;"20220220041550";"PA_20220220041550.RDS"
"D057966";FALSE;"20220220041550";"PA_20220220041550.RDS"
"D058205";FALSE;"20220220041550";"PA_20220220041550.RDS"
"D058427";FALSE;"20220220041550";"PA_20220220041550.RDS"
"D058633";FALSE;"20220220041550";"PA_20220220041550.RDS"
"D058646";FALSE;"20220220041550";"PA_20220220041550.RDS"
"D058647";FALSE;"20220220041550";"PA_20220220041550.RDS"
"D058665";FALSE;"20220220041550";"PA_20220220041550.RDS"
"D058666";FALSE;"20220220041550";"PA_20220220041550.RDS"
"D058667";FALSE;"20220220041550";"PA_20220220041550.RDS"
"D058668";FALSE;"20220220041550";"PA_20220220041550.RDS"
"D058669";FALSE;"20220220041550";"PA_20220220041550.RDS"
"D058671";FALSE;"20220220041550";"PA_20220220041550.RDS"
"D058672";FALSE;"20220220041550";"PA_20220220041550.RDS"
"D058673";FALSE;"20220220041550";"PA_20220220041550.RDS"
"D058785";FALSE;"20220220041550";"PA_20220220041550.RDS"
"D058786";FALSE;"20220220041550";"PA_20220220041550.RDS"
"D058787";FALSE;"20220220041550";"PA_20220220041550.RDS"
"D058788";FALSE;"20220220041550";"PA_20220220041550.RDS"
"D058805";FALSE;"20220220041550";"PA_20220220041550.RDS"
"D058825";FALSE;"20220220041550";"PA_20220220041550.RDS"
"D058826";FALSE;"20220220041550";"PA_20220220041550.RDS"
"D058827";FALSE;"20220220041550";"PA_20220220041550.RDS"
"D058828";FALSE;"20220220041550";"PA_20220220041550.RDS"
"D058829";FALSE;"20220220041550";"PA_20220220041550.RDS"
"D058830";FALSE;"20220220041550";"PA_20220220041550.RDS"
"D058831";FALSE;"20220220041550";"PA_20220220041550.RDS"
"D058832";FALSE;"20220220041550";"PA_20220220041550.RDS"
"D058867";FALSE;"20220220041550";"PA_20220220041550.RDS"
"D058888";FALSE;"20220220041550";"PA_20220220041550.RDS"
"D058891";FALSE;"20220220041550";"PA_20220220041550.RDS"
"D058892";FALSE;"20220220041550";"PA_20220220041550.RDS"
"D058906";FALSE;"20220220041550";"PA_20220220041550.RDS"
"D058907";FALSE;"20220220041550";"PA_20220220041550.RDS"
"D058908";FALSE;"20220220041550";"PA_20220220041550.RDS"
"D058909";FALSE;"20220220041550";"PA_20220220041550.RDS"
"D058910";FALSE;"20220220041550";"PA_20220220041550.RDS"
"D058913";FALSE;"20220220041550";"PA_20220220041550.RDS"
"D058914";FALSE;"20220220041550";"PA_20220220041550.RDS"
"D058915";FALSE;"20220220041550";"PA_20220220041550.RDS"
"D058916";FALSE;"20220220041550";"PA_20220220041550.RDS"
"D058917";FALSE;"20220220041550";"PA_20220220041550.RDS"
"D058918";FALSE;"20220220041550";"PA_20220220041550.RDS"
"D058919";FALSE;"20220220041550";"PA_20220220041550.RDS"
"D058920";FALSE;"20220220041550";"PA_20220220041550.RDS"
"D058921";FALSE;"20220220041550";"PA_20220220041550.RDS"
"D058946";FALSE;"20220220041550";"PA_20220220041550.RDS"
"D058986";FALSE;"20220220041550";"PA_20220220041550.RDS"
"D058987";FALSE;"20220220041550";"PA_20220220041550.RDS"
"D058988";FALSE;"20220220041550";"PA_20220220041550.RDS"
"D059002";FALSE;"20220220041550";"PA_20220220041550.RDS"
"D059004";FALSE;"20220220041550";"PA_20220220041550.RDS"
"D059005";FALSE;"20220220041550";"PA_20220220041550.RDS"
"D061207";FALSE;"20220220041550";"PA_20220220041550.RDS"
"D061209";FALSE;"20220220041550";"PA_20220220041550.RDS"
"D061210";FALSE;"20220220041550";"PA_20220220041550.RDS"
"D061216";FALSE;"20220220041550";"PA_20220220041550.RDS"
"D061567";FALSE;"20220220041550";"PA_20220220041550.RDS"
"D061585";FALSE;"20220220041550";"PA_20220220041550.RDS"
"D061945";FALSE;"20220220041550";"PA_20220220041550.RDS"
"D061965";FALSE;"20220220041550";"PA_20220220041550.RDS"
"D061988";FALSE;"20220220041550";"PA_20220220041550.RDS"
"D062646";FALSE;"20220220041550";"PA_20220220041550.RDS"
"D062686";FALSE;"20220220041550";"PA_20220220041550.RDS"
"D062687";FALSE;"20220220041550";"PA_20220220041550.RDS"
"D063385";FALSE;"20220220041550";"PA_20220220041550.RDS"
"D063386";FALSE;"20220220041550";"PA_20220220041550.RDS"
"D063387";FALSE;"20220220041550";"PA_20220220041550.RDS"
"D064426";FALSE;"20220220041550";"PA_20220220041550.RDS"
"D064449";FALSE;"20220220041550";"PA_20220220041550.RDS"
"D064690";FALSE;"20220220041550";"PA_20220220041550.RDS"
"D064729";FALSE;"20220220041550";"PA_20220220041550.RDS"
"D064800";FALSE;"20220220041550";"PA_20220220041550.RDS"
"D064801";FALSE;"20220220041550";"PA_20220220041550.RDS"
"D064804";FALSE;"20220220041550";"PA_20220220041550.RDS"
"D064907";FALSE;"20220220041550";"PA_20220220041550.RDS"
"D065086";FALSE;"20220220041550";"PA_20220220041550.RDS"
"D065087";FALSE;"20220220041550";"PA_20220220041550.RDS"
"D065088";FALSE;"20220220041550";"PA_20220220041550.RDS"
"D065089";FALSE;"20220220041550";"PA_20220220041550.RDS"
"D065091";FALSE;"20220220041550";"PA_20220220041550.RDS"
"D065092";FALSE;"20220220041550";"PA_20220220041550.RDS"
"D065093";FALSE;"20220220041550";"PA_20220220041550.RDS"
"D065094";FALSE;"20220220041550";"PA_20220220041550.RDS"
"D065095";FALSE;"20220220041550";"PA_20220220041550.RDS"
"D065096";FALSE;"20220220041550";"PA_20220220041550.RDS"
"D065098";FALSE;"20220220041550";"PA_20220220041550.RDS"
"D065100";FALSE;"20220220041550";"PA_20220220041550.RDS"
"D065101";FALSE;"20220220041550";"PA_20220220041550.RDS"
"D065104";FALSE;"20220220041550";"PA_20220220041550.RDS"
"D065105";FALSE;"20220220041550";"PA_20220220041550.RDS"
"D065108";FALSE;"20220220041550";"PA_20220220041550.RDS"
"D065127";FALSE;"20220220041550";"PA_20220220041550.RDS"
"D065128";FALSE;"20220220041550";"PA_20220220041550.RDS"
"D065130";FALSE;"20220220041550";"PA_20220220041550.RDS"
"D065131";FALSE;"20220220041550";"PA_20220220041550.RDS"
"D065168";FALSE;"20220220041550";"PA_20220220041550.RDS"
"D065169";FALSE;"20220220041550";"PA_20220220041550.RDS"
"D065171";FALSE;"20220220041550";"PA_20220220041550.RDS"
"D065427";FALSE;"20220220041550";"PA_20220220041550.RDS"
"D065606";FALSE;"20220220041550";"PA_20220220041550.RDS"
"D065607";FALSE;"20220220041550";"PA_20220220041550.RDS"
"D065609";FALSE;"20220220041550";"PA_20220220041550.RDS"
"D065686";FALSE;"20220220041550";"PA_20220220041550.RDS"
"D065687";FALSE;"20220220041550";"PA_20220220041550.RDS"
"D065688";FALSE;"20220220041550";"PA_20220220041550.RDS"
"D065689";FALSE;"20220220041550";"PA_20220220041550.RDS"
"D065690";FALSE;"20220220041550";"PA_20220220041550.RDS"
"D065691";FALSE;"20220220041550";"PA_20220220041550.RDS"
"D065692";FALSE;"20220220041550";"PA_20220220041550.RDS"
"D065694";FALSE;"20220220041550";"PA_20220220041550.RDS"
"D065695";FALSE;"20220220041550";"PA_20220220041550.RDS"
"D065696";FALSE;"20220220041550";"PA_20220220041550.RDS"
"D065697";FALSE;"20220220041550";"PA_20220220041550.RDS"
"D065698";FALSE;"20220220041550";"PA_20220220041550.RDS"
"D065701";FALSE;"20220220041550";"PA_20220220041550.RDS"
